-- Escape ampersand
set define off

-- Artist Table
INSERT INTO ARTIST (ARTIST_ID, ARTIST_NAME) VALUES (6210, 'Otto Wagner');
INSERT INTO ARTIST (ARTIST_ID, ARTIST_NAME) VALUES (7470, 'Christian de Portzamparc');
INSERT INTO ARTIST (ARTIST_ID, ARTIST_NAME) VALUES (7605, 'Emil Hoppe');
INSERT INTO ARTIST (ARTIST_ID, ARTIST_NAME) VALUES (7056, 'Bernard Tschumi');
commit;

-- PROC_OFFICER Table
INSERT INTO PROC_OFFICER (PROC_OFFICER_NAME) VALUES ('Fractional and promised gift of Jo Carole and Ronald S. Lauder');
INSERT INTO PROC_OFFICER (PROC_OFFICER_NAME) VALUES ('Gift of the architect in honor of Lily Auchincloss');
INSERT INTO PROC_OFFICER (PROC_OFFICER_NAME) VALUES ('Gift of Jo Carole and Ronald S. Lauder');
INSERT INTO PROC_OFFICER (PROC_OFFICER_NAME) VALUES ('Purchase and partial gift of the architect in honor of Lily Auchincloss');
commit;

-- ARTWORK Table
INSERT INTO ARTWORK (ARTWORK_ID, ARTWORK_TITLE, ARTWORK_CREATION_YEAR, ACQUSITION_DATE, PROC_OFFICER_NAME) VALUES (2, 'Ferdinandsbrücke Project' , 1896, TO_DATE('1996-04-09', 'YYYY-MM-DD'), 'Fractional and promised gift of Jo Carole and Ronald S. Lauder');
INSERT INTO ARTWORK (ARTWORK_ID, ARTWORK_TITLE, ARTWORK_CREATION_YEAR, ACQUSITION_DATE, PROC_OFFICER_NAME) VALUES (3, 'City of Music' , 1987, TO_DATE('1995-01-17', 'YYYY-MM-DD'), 'Gift of the architect in honor of Lily Auchincloss');
INSERT INTO ARTWORK (ARTWORK_ID, ARTWORK_TITLE, ARTWORK_CREATION_YEAR, ACQUSITION_DATE, PROC_OFFICER_NAME) VALUES (4, 'Villa near Vienna Project' , 1903, TO_DATE('1997-01-15', 'YYYY-MM-DD'), 'Gift of Jo Carole and Ronald S. Lauder');
INSERT INTO ARTWORK (ARTWORK_ID, ARTWORK_TITLE, ARTWORK_CREATION_YEAR, ACQUSITION_DATE, PROC_OFFICER_NAME) VALUES (5, 'The Manhattan Transcripts Project' , 1980, TO_DATE('1995-01-17', 'YYYY-MM-DD'), 'Purchase and partial gift of the architect in honor of Lily Auchincloss');
INSERT INTO ARTWORK (ARTWORK_ID, ARTWORK_TITLE, ARTWORK_CREATION_YEAR, ACQUSITION_DATE, PROC_OFFICER_NAME) VALUES (6, 'Villa' , 1903, TO_DATE('1997-01-15', 'YYYY-MM-DD'), 'Gift of Jo Carole and Ronald S. Lauder');
INSERT INTO ARTWORK (ARTWORK_ID, ARTWORK_TITLE, ARTWORK_CREATION_YEAR, ACQUSITION_DATE, PROC_OFFICER_NAME) VALUES (7, 'The Manhattan Transcripts Project' , 1977, TO_DATE('1995-01-17', 'YYYY-MM-DD'), 'Purchase and partial gift of the architect in honor of Lily Auchincloss');
INSERT INTO ARTWORK (ARTWORK_ID, ARTWORK_TITLE, ARTWORK_CREATION_YEAR, ACQUSITION_DATE, PROC_OFFICER_NAME) VALUES (8, 'The Manhattan Transcripts Project' , 1977, TO_DATE('1995-01-17', 'YYYY-MM-DD'), 'Purchase and partial gift of the architect in honor of Lily Auchincloss');
INSERT INTO ARTWORK (ARTWORK_ID, ARTWORK_TITLE, ARTWORK_CREATION_YEAR, ACQUSITION_DATE, PROC_OFFICER_NAME) VALUES (9, 'The Manhattan Transcripts Project' , 1977, TO_DATE('1995-01-17', 'YYYY-MM-DD'), 'Purchase and partial gift of the architect in honor of Lily Auchincloss');
INSERT INTO ARTWORK (ARTWORK_ID, ARTWORK_TITLE, ARTWORK_CREATION_YEAR, ACQUSITION_DATE, PROC_OFFICER_NAME) VALUES (10, 'The Manhattan Transcripts Project' , 1977, TO_DATE('1995-01-17', 'YYYY-MM-DD'), 'Purchase and partial gift of the architect in honor of Lily Auchincloss');
INSERT INTO ARTWORK (ARTWORK_ID, ARTWORK_TITLE, ARTWORK_CREATION_YEAR, ACQUSITION_DATE, PROC_OFFICER_NAME) VALUES (11, 'The Manhattan Transcripts Project' , 1977, TO_DATE('1995-01-17', 'YYYY-MM-DD'), 'Purchase and partial gift of the architect in honor of Lily Auchincloss');
INSERT INTO ARTWORK (ARTWORK_ID, ARTWORK_TITLE, ARTWORK_CREATION_YEAR, ACQUSITION_DATE, PROC_OFFICER_NAME) VALUES (12, 'The Manhattan Transcripts Project' , 1977, TO_DATE('1995-01-17', 'YYYY-MM-DD'), 'Purchase and partial gift of the architect in honor of Lily Auchincloss');
INSERT INTO ARTWORK (ARTWORK_ID, ARTWORK_TITLE, ARTWORK_CREATION_YEAR, ACQUSITION_DATE, PROC_OFFICER_NAME) VALUES (13, 'The Manhattan Transcripts Project' , 1977, TO_DATE('1995-01-17', 'YYYY-MM-DD'), 'Purchase and partial gift of the architect in honor of Lily Auchincloss');
INSERT INTO ARTWORK (ARTWORK_ID, ARTWORK_TITLE, ARTWORK_CREATION_YEAR, ACQUSITION_DATE, PROC_OFFICER_NAME) VALUES (14, 'The Manhattan Transcripts Project' , 1977, TO_DATE('1995-01-17', 'YYYY-MM-DD'), 'Purchase and partial gift of the architect in honor of Lily Auchincloss');
INSERT INTO ARTWORK (ARTWORK_ID, ARTWORK_TITLE, ARTWORK_CREATION_YEAR, ACQUSITION_DATE, PROC_OFFICER_NAME) VALUES (15, 'The Manhattan Transcripts Project' , 1977, TO_DATE('1995-01-17', 'YYYY-MM-DD'), 'Purchase and partial gift of the architect in honor of Lily Auchincloss');
INSERT INTO ARTWORK (ARTWORK_ID, ARTWORK_TITLE, ARTWORK_CREATION_YEAR, ACQUSITION_DATE, PROC_OFFICER_NAME) VALUES (16, 'The Manhattan Transcripts Project' , 1977, TO_DATE('1995-01-17', 'YYYY-MM-DD'), 'Purchase and partial gift of the architect in honor of Lily Auchincloss');
INSERT INTO ARTWORK (ARTWORK_ID, ARTWORK_TITLE, ARTWORK_CREATION_YEAR, ACQUSITION_DATE, PROC_OFFICER_NAME) VALUES (17, 'The Manhattan Transcripts Project' , 1977, TO_DATE('1995-01-17', 'YYYY-MM-DD'), 'Purchase and partial gift of the architect in honor of Lily Auchincloss');
INSERT INTO ARTWORK (ARTWORK_ID, ARTWORK_TITLE, ARTWORK_CREATION_YEAR, ACQUSITION_DATE, PROC_OFFICER_NAME) VALUES (18, 'The Manhattan Transcripts Project' , 1977, TO_DATE('1995-01-17', 'YYYY-MM-DD'), 'Purchase and partial gift of the architect in honor of Lily Auchincloss');
INSERT INTO ARTWORK (ARTWORK_ID, ARTWORK_TITLE, ARTWORK_CREATION_YEAR, ACQUSITION_DATE, PROC_OFFICER_NAME) VALUES (19, 'The Manhattan Transcripts Project' , 1977, TO_DATE('1995-01-17', 'YYYY-MM-DD'), 'Purchase and partial gift of the architect in honor of Lily Auchincloss');
INSERT INTO ARTWORK (ARTWORK_ID, ARTWORK_TITLE, ARTWORK_CREATION_YEAR, ACQUSITION_DATE, PROC_OFFICER_NAME) VALUES (20, 'The Manhattan Transcripts Project' , 1977, TO_DATE('1995-01-17', 'YYYY-MM-DD'), 'Purchase and partial gift of the architect in honor of Lily Auchincloss');
INSERT INTO ARTWORK (ARTWORK_ID, ARTWORK_TITLE, ARTWORK_CREATION_YEAR, ACQUSITION_DATE, PROC_OFFICER_NAME) VALUES (21, 'The Manhattan Transcripts Project' , 1977, TO_DATE('1995-01-17', 'YYYY-MM-DD'), 'Purchase and partial gift of the architect in honor of Lily Auchincloss');
INSERT INTO ARTWORK (ARTWORK_ID, ARTWORK_TITLE, ARTWORK_CREATION_YEAR, ACQUSITION_DATE, PROC_OFFICER_NAME) VALUES (22, 'The Manhattan Transcripts Project' , 1977, TO_DATE('1995-01-17', 'YYYY-MM-DD'), 'Purchase and partial gift of the architect in honor of Lily Auchincloss');
INSERT INTO ARTWORK (ARTWORK_ID, ARTWORK_TITLE, ARTWORK_CREATION_YEAR, ACQUSITION_DATE, PROC_OFFICER_NAME) VALUES (23, 'The Manhattan Transcripts Project' , 1977, TO_DATE('1995-01-17', 'YYYY-MM-DD'), 'Purchase and partial gift of the architect in honor of Lily Auchincloss');
INSERT INTO ARTWORK (ARTWORK_ID, ARTWORK_TITLE, ARTWORK_CREATION_YEAR, ACQUSITION_DATE, PROC_OFFICER_NAME) VALUES (24, 'The Manhattan Transcripts Project' , 1977, TO_DATE('1995-01-17', 'YYYY-MM-DD'), 'Purchase and partial gift of the architect in honor of Lily Auchincloss');
INSERT INTO ARTWORK (ARTWORK_ID, ARTWORK_TITLE, ARTWORK_CREATION_YEAR, ACQUSITION_DATE, PROC_OFFICER_NAME) VALUES (25, 'The Manhattan Transcripts Project' , 1977, TO_DATE('1995-01-17', 'YYYY-MM-DD'), 'Purchase and partial gift of the architect in honor of Lily Auchincloss');
INSERT INTO ARTWORK (ARTWORK_ID, ARTWORK_TITLE, ARTWORK_CREATION_YEAR, ACQUSITION_DATE, PROC_OFFICER_NAME) VALUES (26, 'The Manhattan Transcripts Project' , 1977, TO_DATE('1995-01-17', 'YYYY-MM-DD'), 'Purchase and partial gift of the architect in honor of Lily Auchincloss');
INSERT INTO ARTWORK (ARTWORK_ID, ARTWORK_TITLE, ARTWORK_CREATION_YEAR, ACQUSITION_DATE, PROC_OFFICER_NAME) VALUES (27, 'The Manhattan Transcripts Project' , 1977, TO_DATE('1995-01-17', 'YYYY-MM-DD'), 'Purchase and partial gift of the architect in honor of Lily Auchincloss');
INSERT INTO ARTWORK (ARTWORK_ID, ARTWORK_TITLE, ARTWORK_CREATION_YEAR, ACQUSITION_DATE, PROC_OFFICER_NAME) VALUES (28, 'The Manhattan Transcripts Project' , 1977, TO_DATE('1995-01-17', 'YYYY-MM-DD'), 'Purchase and partial gift of the architect in honor of Lily Auchincloss');
INSERT INTO ARTWORK (ARTWORK_ID, ARTWORK_TITLE, ARTWORK_CREATION_YEAR, ACQUSITION_DATE, PROC_OFFICER_NAME) VALUES (29, 'The Manhattan Transcripts Project' , 1977, TO_DATE('1995-01-17', 'YYYY-MM-DD'), 'Purchase and partial gift of the architect in honor of Lily Auchincloss');
INSERT INTO ARTWORK (ARTWORK_ID, ARTWORK_TITLE, ARTWORK_CREATION_YEAR, ACQUSITION_DATE, PROC_OFFICER_NAME) VALUES (30, 'The Manhattan Transcripts Project' , 1977, TO_DATE('1995-01-17', 'YYYY-MM-DD'), 'Purchase and partial gift of the architect in honor of Lily Auchincloss');
INSERT INTO ARTWORK (ARTWORK_ID, ARTWORK_TITLE, ARTWORK_CREATION_YEAR, ACQUSITION_DATE, PROC_OFFICER_NAME) VALUES (31, 'The Manhattan Transcripts Project' , 1977, TO_DATE('1995-01-17', 'YYYY-MM-DD'), 'Purchase and partial gift of the architect in honor of Lily Auchincloss');
commit;

-- RELATION_ARTWORK_ARTIST Table
INSERT INTO RELATION_ARTWORK_ARTIST (ARTWORK_ARTWORK_ID, ARTIST_ARTIST_ID) VALUES (2, 6210);
INSERT INTO RELATION_ARTWORK_ARTIST (ARTWORK_ARTWORK_ID, ARTIST_ARTIST_ID) VALUES (3, 7470);
INSERT INTO RELATION_ARTWORK_ARTIST (ARTWORK_ARTWORK_ID, ARTIST_ARTIST_ID) VALUES (4, 7605);
INSERT INTO RELATION_ARTWORK_ARTIST (ARTWORK_ARTWORK_ID, ARTIST_ARTIST_ID) VALUES (5, 7056);
INSERT INTO RELATION_ARTWORK_ARTIST (ARTWORK_ARTWORK_ID, ARTIST_ARTIST_ID) VALUES (6, 7605);
INSERT INTO RELATION_ARTWORK_ARTIST (ARTWORK_ARTWORK_ID, ARTIST_ARTIST_ID) VALUES (7, 7056);
INSERT INTO RELATION_ARTWORK_ARTIST (ARTWORK_ARTWORK_ID, ARTIST_ARTIST_ID) VALUES (8, 7056);
INSERT INTO RELATION_ARTWORK_ARTIST (ARTWORK_ARTWORK_ID, ARTIST_ARTIST_ID) VALUES (9, 7056);
INSERT INTO RELATION_ARTWORK_ARTIST (ARTWORK_ARTWORK_ID, ARTIST_ARTIST_ID) VALUES (10, 7056);
INSERT INTO RELATION_ARTWORK_ARTIST (ARTWORK_ARTWORK_ID, ARTIST_ARTIST_ID) VALUES (11, 7056);
INSERT INTO RELATION_ARTWORK_ARTIST (ARTWORK_ARTWORK_ID, ARTIST_ARTIST_ID) VALUES (12, 7056);
INSERT INTO RELATION_ARTWORK_ARTIST (ARTWORK_ARTWORK_ID, ARTIST_ARTIST_ID) VALUES (13, 7056);
INSERT INTO RELATION_ARTWORK_ARTIST (ARTWORK_ARTWORK_ID, ARTIST_ARTIST_ID) VALUES (14, 7056);
INSERT INTO RELATION_ARTWORK_ARTIST (ARTWORK_ARTWORK_ID, ARTIST_ARTIST_ID) VALUES (15, 7056);
INSERT INTO RELATION_ARTWORK_ARTIST (ARTWORK_ARTWORK_ID, ARTIST_ARTIST_ID) VALUES (16, 7056);
INSERT INTO RELATION_ARTWORK_ARTIST (ARTWORK_ARTWORK_ID, ARTIST_ARTIST_ID) VALUES (17, 7056);
INSERT INTO RELATION_ARTWORK_ARTIST (ARTWORK_ARTWORK_ID, ARTIST_ARTIST_ID) VALUES (18, 7056);
INSERT INTO RELATION_ARTWORK_ARTIST (ARTWORK_ARTWORK_ID, ARTIST_ARTIST_ID) VALUES (19, 7056);
INSERT INTO RELATION_ARTWORK_ARTIST (ARTWORK_ARTWORK_ID, ARTIST_ARTIST_ID) VALUES (20, 7056);
INSERT INTO RELATION_ARTWORK_ARTIST (ARTWORK_ARTWORK_ID, ARTIST_ARTIST_ID) VALUES (21, 7056);
INSERT INTO RELATION_ARTWORK_ARTIST (ARTWORK_ARTWORK_ID, ARTIST_ARTIST_ID) VALUES (22, 7056);
INSERT INTO RELATION_ARTWORK_ARTIST (ARTWORK_ARTWORK_ID, ARTIST_ARTIST_ID) VALUES (23, 7056);
INSERT INTO RELATION_ARTWORK_ARTIST (ARTWORK_ARTWORK_ID, ARTIST_ARTIST_ID) VALUES (24, 7056);
INSERT INTO RELATION_ARTWORK_ARTIST (ARTWORK_ARTWORK_ID, ARTIST_ARTIST_ID) VALUES (25, 7056);
INSERT INTO RELATION_ARTWORK_ARTIST (ARTWORK_ARTWORK_ID, ARTIST_ARTIST_ID) VALUES (26, 7056);
INSERT INTO RELATION_ARTWORK_ARTIST (ARTWORK_ARTWORK_ID, ARTIST_ARTIST_ID) VALUES (27, 7056);
INSERT INTO RELATION_ARTWORK_ARTIST (ARTWORK_ARTWORK_ID, ARTIST_ARTIST_ID) VALUES (28, 7056);
INSERT INTO RELATION_ARTWORK_ARTIST (ARTWORK_ARTWORK_ID, ARTIST_ARTIST_ID) VALUES (29, 7056);
INSERT INTO RELATION_ARTWORK_ARTIST (ARTWORK_ARTWORK_ID, ARTIST_ARTIST_ID) VALUES (30, 7056);
INSERT INTO RELATION_ARTWORK_ARTIST (ARTWORK_ARTWORK_ID, ARTIST_ARTIST_ID) VALUES (31, 7056);
commit;

-- RELATION_AO Table
INSERT INTO RELATION_AO (PROC_OFFICER_NAME, ARTWORK_ARTWORK_ID) VALUES ('Fractional and promised gift of Jo Carole and Ronald S. Lauder', 2);
INSERT INTO RELATION_AO (PROC_OFFICER_NAME, ARTWORK_ARTWORK_ID) VALUES ('Gift of the architect in honor of Lily Auchincloss', 3);
INSERT INTO RELATION_AO (PROC_OFFICER_NAME, ARTWORK_ARTWORK_ID) VALUES ('Gift of Jo Carole and Ronald S. Lauder', 4);
INSERT INTO RELATION_AO (PROC_OFFICER_NAME, ARTWORK_ARTWORK_ID) VALUES ('Purchase and partial gift of the architect in honor of Lily Auchincloss', 5);
INSERT INTO RELATION_AO (PROC_OFFICER_NAME, ARTWORK_ARTWORK_ID) VALUES ('Gift of Jo Carole and Ronald S. Lauder', 6);
INSERT INTO RELATION_AO (PROC_OFFICER_NAME, ARTWORK_ARTWORK_ID) VALUES ('Purchase and partial gift of the architect in honor of Lily Auchincloss', 7);
INSERT INTO RELATION_AO (PROC_OFFICER_NAME, ARTWORK_ARTWORK_ID) VALUES ('Purchase and partial gift of the architect in honor of Lily Auchincloss', 8);
INSERT INTO RELATION_AO (PROC_OFFICER_NAME, ARTWORK_ARTWORK_ID) VALUES ('Purchase and partial gift of the architect in honor of Lily Auchincloss', 9);
INSERT INTO RELATION_AO (PROC_OFFICER_NAME, ARTWORK_ARTWORK_ID) VALUES ('Purchase and partial gift of the architect in honor of Lily Auchincloss', 10);
INSERT INTO RELATION_AO (PROC_OFFICER_NAME, ARTWORK_ARTWORK_ID) VALUES ('Purchase and partial gift of the architect in honor of Lily Auchincloss', 11);
INSERT INTO RELATION_AO (PROC_OFFICER_NAME, ARTWORK_ARTWORK_ID) VALUES ('Purchase and partial gift of the architect in honor of Lily Auchincloss', 12);
INSERT INTO RELATION_AO (PROC_OFFICER_NAME, ARTWORK_ARTWORK_ID) VALUES ('Purchase and partial gift of the architect in honor of Lily Auchincloss', 13);
INSERT INTO RELATION_AO (PROC_OFFICER_NAME, ARTWORK_ARTWORK_ID) VALUES ('Purchase and partial gift of the architect in honor of Lily Auchincloss', 14);
INSERT INTO RELATION_AO (PROC_OFFICER_NAME, ARTWORK_ARTWORK_ID) VALUES ('Purchase and partial gift of the architect in honor of Lily Auchincloss', 15);
INSERT INTO RELATION_AO (PROC_OFFICER_NAME, ARTWORK_ARTWORK_ID) VALUES ('Purchase and partial gift of the architect in honor of Lily Auchincloss', 16);
INSERT INTO RELATION_AO (PROC_OFFICER_NAME, ARTWORK_ARTWORK_ID) VALUES ('Purchase and partial gift of the architect in honor of Lily Auchincloss', 17);
INSERT INTO RELATION_AO (PROC_OFFICER_NAME, ARTWORK_ARTWORK_ID) VALUES ('Purchase and partial gift of the architect in honor of Lily Auchincloss', 18);
INSERT INTO RELATION_AO (PROC_OFFICER_NAME, ARTWORK_ARTWORK_ID) VALUES ('Purchase and partial gift of the architect in honor of Lily Auchincloss', 19);
INSERT INTO RELATION_AO (PROC_OFFICER_NAME, ARTWORK_ARTWORK_ID) VALUES ('Purchase and partial gift of the architect in honor of Lily Auchincloss', 20);
INSERT INTO RELATION_AO (PROC_OFFICER_NAME, ARTWORK_ARTWORK_ID) VALUES ('Purchase and partial gift of the architect in honor of Lily Auchincloss', 21);
INSERT INTO RELATION_AO (PROC_OFFICER_NAME, ARTWORK_ARTWORK_ID) VALUES ('Purchase and partial gift of the architect in honor of Lily Auchincloss', 22);
INSERT INTO RELATION_AO (PROC_OFFICER_NAME, ARTWORK_ARTWORK_ID) VALUES ('Purchase and partial gift of the architect in honor of Lily Auchincloss', 23);
INSERT INTO RELATION_AO (PROC_OFFICER_NAME, ARTWORK_ARTWORK_ID) VALUES ('Purchase and partial gift of the architect in honor of Lily Auchincloss', 24);
INSERT INTO RELATION_AO (PROC_OFFICER_NAME, ARTWORK_ARTWORK_ID) VALUES ('Purchase and partial gift of the architect in honor of Lily Auchincloss', 25);
INSERT INTO RELATION_AO (PROC_OFFICER_NAME, ARTWORK_ARTWORK_ID) VALUES ('Purchase and partial gift of the architect in honor of Lily Auchincloss', 26);
INSERT INTO RELATION_AO (PROC_OFFICER_NAME, ARTWORK_ARTWORK_ID) VALUES ('Purchase and partial gift of the architect in honor of Lily Auchincloss', 27);
INSERT INTO RELATION_AO (PROC_OFFICER_NAME, ARTWORK_ARTWORK_ID) VALUES ('Purchase and partial gift of the architect in honor of Lily Auchincloss', 28);
INSERT INTO RELATION_AO (PROC_OFFICER_NAME, ARTWORK_ARTWORK_ID) VALUES ('Purchase and partial gift of the architect in honor of Lily Auchincloss', 29);
INSERT INTO RELATION_AO (PROC_OFFICER_NAME, ARTWORK_ARTWORK_ID) VALUES ('Purchase and partial gift of the architect in honor of Lily Auchincloss', 30);
INSERT INTO RELATION_AO (PROC_OFFICER_NAME, ARTWORK_ARTWORK_ID) VALUES ('Purchase and partial gift of the architect in honor of Lily Auchincloss', 31);
commit;

